{
    "rmse": 0.7960636439763851,
    "mae": 0.6590848716008005,
    "r2": 0.025938268184631075
}