{
    "rmse": 0.7360914324633686,
    "mae": 0.5957447815738083,
    "r2": 0.16717370888603122
}