{
    "rmse": 0.7984831958710464,
    "mae": 0.6639456871773088,
    "r2": 0.020008153076535806
}