{
    "rmse": 0.7787365818750938,
    "mae": 0.6414076397166455,
    "r2": 0.06787951156246896
}